cluster_name,,A_1,A_2,A_3,A_4,A_5,A_6,A_7,A_8,A_9,A_10,A_11,A_12,A_13,A_14,A_15,A_16,A_17,A_18,A_19,A_20,B_1,B_2,B_3,B_4,B_5,B_6,B_7,B_8,C_1,C_2,C_3,C_4,C_5,C_6,C_7,C_8,C_9,C_10,C_11,D_1,D_2,D_3,D_4,D_5,D_6,D_7,D_8,D_9,D_10,D_11,D_12,D_13,D_14,E_1,E_2,E_3,E_4,E_5,F_1,F_2,F_3,F_4,F_5,F_6,F_7,F_8,F_9,F_10,F_11,F_12,F_13,F_14,F_15,F_16
Giraffe_A,A_1,1.0000004,0.9012884,0.9174042,0.92792994,0.9075763,0.89710474,0.91514826,0.911436,0.902508,0.9080645,0.91953635,0.97314054,0.93185925,0.9235662,0.93003774,0.9214106,0.9184805,0.93760574,0.95595634,0.93019223,0.78376224,0.81194556,0.81880844,0.7715015,0.9110505,0.7715015,0.7313863,0.86774963,0.75002164,0.80707777,0.78851306,0.7856487,0.627648,0.7062799,0.74383014,0.7641553,0.740635,0.87397037,0.84494046,0.8137342,0.8126677,0.79466987,0.8074888,0.86294454,0.7636644,0.87518823,0.8594783,0.80952406,0.78787804,0.79274833,0.7800198,0.782216,0.8795352,0.79857594,0.891938,0.90454817,0.89228606,0.84920216,0.88845015,0.7660367,0.762635,0.81198686,0.7680141,0.8368522,0.7780284,0.896114,0.82859373,0.83079356,0.77269435,0.7726544,0.7717055,0.77466834,0.89268744,0.7946874
Giraffe_A,A_2,0.9012884,1,0.9637697,0.9618676,0.9489523,0.9517269,0.94754034,0.9651308,0.92651445,0.9515698,0.9537481,0.923309,0.9385885,0.95849764,0.9518281,0.96595657,0.96333563,0.94644403,0.9391372,0.9578829,0.81753245,0.82442665,0.8269273,0.7691185,0.8264192,0.7691185,0.7289388,0.87078235,0.7715015,0.7902156,0.7583817,0.8053881,0.7062799,0.7051277,0.7473639,0.74147086,0.74997037,0.8616733,0.8215447,0.82825625,0.8223542,0.8032444,0.8189695,0.86841416,0.82913107,0.8785305,0.88991976,0.86689425,0.8493228,0.8605473,0.8525596,0.8505567,0.88686615,0.7982588,0.86196053,0.8862268,0.80017686,0.8244703,0.7875883,0.8383457,0.8286854,0.88287413,0.84279466,0.9058271,0.84998435,0.73606175,0.9043331,0.89914924,0.8231516,0.8182454,0.82897294,0.8456209,0.7905823,0.8685622
Giraffe_A,A_3,0.9174042,0.9637697,1.0000002,0.9888871,0.97836024,0.96493554,0.98244536,0.9899876,0.9747741,0.97877663,0.9879205,0.9430081,0.9677979,0.97757506,0.97648495,0.9820279,0.9853679,0.98069847,0.9615176,0.9864233,0.81581736,0.80941105,0.8123921,0.7339754,0.829457,0.7339754,0.8585721,0.8760141,0.7691185,0.7968731,0.75002164,0.7821877,0.6828552,0.6919984,0.7285748,0.7315119,0.7376733,0.8681018,0.83968596,0.86238456,0.858232,0.84401494,0.80988735,0.72561114,0.7629597,0.7751158,0.85344267,0.8235328,0.8419198,0.8328054,0.8151933,0.8074888,0.8618566,0.79857594,0.87242866,0.90110433,0.8017812,0.8240007,0.7797001,0.77817833,0.7710598,0.82978106,0.7671551,0.8549323,0.77889174,0.7711269,0.84844685,0.8336099,0.7495096,0.751277,0.7619182,0.777646,0.7763264,0.8124103
Giraffe_A,A_4,0.92792994,0.9618676,0.9888871,0.9999999,0.9678146,0.96761024,0.9754778,0.98160607,0.956569,0.9751668,0.9767961,0.954427,0.9716629,0.96486634,0.9637642,0.9711572,0.972648,0.9676927,0.9606901,0.97532856,0.8155066,0.7811806,0.7901561,0.9171845,0.84727305,0.7209394,0.86737484,0.8877804,0.7339754,0.7799703,0.7715015,0.7878965,0.6855375,0.6084895,0.8171396,0.8110779,0.8213941,0.828827,0.65047863,0.85634905,0.8546443,0.839411,0.81141883,0.89968014,0.77564585,0.7924465,0.8666829,0.8357426,0.8466132,0.8407648,0.82421637,0.8189695,0.8763232,0.7982588,0.88813525,0.9129348,0.7910107,0.84029615,0.79907715,0.78708935,0.78045434,0.83770895,0.7802642,0.86352146,0.7959631,0.7815305,0.86312926,0.8451295,0.7646958,0.76372087,0.77829707,0.79122674,0.7205747,0.82154644
Giraffe_A,A_5,0.9075763,0.9489523,0.97836024,0.9678146,1,0.9886095,0.99510455,0.9860373,0.97814447,0.9753301,0.9837092,0.9381939,0.9673227,0.97468644,0.97361207,0.97394985,0.97711086,0.97518086,0.9478085,0.97934556,0.7998561,0.79806423,0.8070109,0.8920917,0.804926,0.80707777,0.8530781,0.8601009,0.7209394,0.79963946,0.7691185,0.7062799,0.7051277,0.7237159,0.770002,0.741144,0.754002,0.657215,0.740635,0.8633352,0.8619983,0.8473388,0.7998561,0.7751158,0.7556224,0.7869083,0.8484651,0.8238403,0.8530965,0.83625245,0.81801593,0.80988735,0.8632257,0.9129348,0.85555553,0.88524246,0.7751158,0.7981506,0.7801091,0.7696575,0.7638509,0.81973296,0.7608458,0.84504026,0.76974154,0.73606175,0.8363236,0.82833755,0.7437107,0.742752,0.75373113,0.769948,0.7994511,0.8032272
Giraffe_A,A_6,0.89710474,0.9517269,0.96493554,0.96761024,0.9886095,1,0.98514587,0.97780573,0.9531265,0.96658313,0.96634805,0.9309292,0.95714265,0.95823455,0.952318,0.95965445,0.9623687,0.95430297,0.9309615,0.9603136,0.8178693,0.7945131,0.8019303,0.8829709,0.80642307,0.7902156,0.8682889,0.8667572,0.75002164,0.7690284,0.7339754,0.627149,0.682044,0.782825,0.74383014,0.7473639,0.740635,0.858827,0.741144,0.8544349,0.85060906,0.8355586,0.8178693,0.7924465,0.76101404,0.7354065,0.84881437,0.82558286,0.84851485,0.83457595,0.8174714,0.81141883,0.86066335,0.88524246,0.8528155,0.87641966,0.7924465,0.79537237,0.7987796,0.7678666,0.76234937,0.82008266,0.76678604,0.847431,0.7797027,0.7711269,0.8470583,0.8368558,0.7497525,0.74306506,0.7581389,0.77246046,0.7758158,0.80346346
Giraffe_A,A_7,0.91514826,0.94754034,0.98244536,0.9754778,0.99510455,0.98514587,1,0.99101937,0.98338556,0.98044515,0.98799175,0.95051795,0.97678626,0.972554,0.97745126,0.97476137,0.9774136,0.97901726,0.95475435,0.98422563,0.7845887,0.84424293,0.7715015,0.8047779,0.8137419,0.7968731,0.87273765,0.86134756,0.7715015,0.7917222,0.7209394,0.8294729,0.78144146,0.627648,0.8677095,0.754002,0.7054002,0.8707095,0.754002,0.91323704,0.7998561,0.7924465,0.7912456,0.7869083,0.7427755,0.7267633,0.84155613,0.81650716,0.8486411,0.829715,0.80851454,0.7998561,0.8585721,0.87641966,0.79857594,0.8916887,0.7801091,0.806351,0.8383205,0.75925887,0.75294566,0.80901355,0.7481574,0.8360188,0.7576471,0.7815305,0.8283656,0.81616795,0.72999203,0.72951794,0.7423528,0.7573017,0.79462886,0.7928158
Giraffe_A,A_8,0.911436,0.9651308,0.9899876,0.98160607,0.9860373,0.97780573,0.99101937,1,0.98378927,0.9873713,0.99273986,0.9465877,0.9724697,0.97669023,0.9793377,0.98278487,0.98363525,0.97901905,0.95738447,0.98561203,0.8255308,0.7480864,0.7691185,0.8066234,0.81965196,0.8262053,0.8905546,0.8737482,0.7691185,0.88376224,0.7902156,0.82108403,0.82808883,0.77923037,0.8385748,0.8415119,0.8476733,0.65047863,0.61629555,0.87641966,0.79857594,0.7869083,0.80860204,0.7354065,0.7659777,0.7521475,0.85600275,0.8319628,0.8517044,0.8440168,0.8251127,0.8178693,0.86737484,0.8916887,0.7982588,0.89464104,0.7987796,0.81456226,0.72773856,0.78255254,0.77479744,0.83174884,0.7717817,0.85784924,0.7817661,0.75565064,0.84901404,0.83601594,0.7517758,0.7516209,0.7639115,0.7801894,0.78927654,0.81623197
Giraffe_A,A_9,0.902508,0.92651445,0.9747741,0.956569,0.97814447,0.9531265,0.98338556,0.98378927,0.9999998,0.9798263,0.99048954,0.9359946,0.9633321,0.9634246,0.97712815,0.9675626,0.9672624,0.9772314,0.95142865,0.9815842,0.8180844,0.8269338,0.7339754,0.8970947,0.7953502,0.8021593,0.85829884,0.8323893,0.7339754,0.8753245,0.7968731,0.8503646,0.8147465,0.8280845,0.76438613,0.7894183,0.76047863,0.84251835,0.76053023,0.8916887,0.7982588,0.7354065,0.83656194,0.7267633,0.7342067,0.75071394,0.8361696,0.80333436,0.831428,0.82022995,0.7998037,0.7912456,0.8530781,0.89464104,0.79857594,0.8919292,0.8383205,0.8013382,0.8731666,0.75521696,0.7496517,0.8027124,0.7387255,0.8273959,0.746178,0.7429063,0.80967486,0.79976606,0.7169086,0.72081375,0.73212075,0.7476078,0.743976,0.7860457
Giraffe_A,A_10,0.9080645,0.9515698,0.97877663,0.9751668,0.9753301,0.96658313,0.98044515,0.9873713,0.9798263,0.9999998,0.9863447,0.9421747,0.9731968,0.9643852,0.9652596,0.97101223,0.97533983,0.9712652,0.9533572,0.974375,0.7684454,0.8416121,0.82943674,0.8969286,0.81471616,0.82128656,0.87690973,0.8585252,0.7209394,0.87581736,0.7799703,0.7315119,0.6794183,0.7170002,0.7341144,0.8286762,0.682044,0.78144146,0.7945596,0.89464104,0.79857594,0.7267633,0.74818056,0.7521475,0.76129085,0.71202856,0.8589461,0.822306,0.8389049,0.834205,0.81498945,0.80860204,0.8682889,0.8919292,0.7982588,0.8929918,0.72773856,0.8103391,0.897678,0.77365655,0.7666936,0.82777774,0.7657262,0.8550464,0.77654034,0.783844,0.848613,0.82991123,0.7425968,0.743522,0.7527498,0.7696302,0.7364453,0.8099935
Giraffe_A,A_11,0.91953635,0.9537481,0.9879205,0.9767961,0.9837092,0.96634805,0.98799175,0.99273986,0.99048954,0.9863447,0.99999976,0.9508863,0.97979456,0.9794431,0.98427176,0.9826993,0.9843853,0.9857823,0.9680698,0.99019384,0.799991,0.8506855,0.8459505,0.8115264,0.8203137,0.82637984,0.8846487,0.8594545,0.80707777,0.86855066,0.79963946,0.7376733,0.65047863,0.84938613,0.8535337,0.8410002,0.782825,0.627648,0.592716,0.8919292,0.7982588,0.7521475,0.84452274,0.75071394,0.7690033,0.6980302,0.86214745,0.82863945,0.84523284,0.84116554,0.8243055,0.81738526,0.87273765,0.8795352,0.87226576,0.9041447,0.8731666,0.81826603,0.89852995,0.7832317,0.7788032,0.83078736,0.7714681,0.8542373,0.78098094,0.77688265,0.84092724,0.83162177,0.75221944,0.75301397,0.7664596,0.7809167,0.7559962,0.8151408
Giraffe_A,A_12,0.97314054,0.923309,0.9430081,0.954427,0.9381939,0.9309292,0.95051795,0.9465877,0.9359946,0.9421747,0.9508863,1.0000002,0.9684411,0.9469207,0.96031266,0.95012933,0.944766,0.9614507,0.9669433,0.9566851,0.8215535,0.81738526,0.87273765,0.8795352,0.88621557,0.8934665,0.825331,0.8802049,0.7902156,0.7998561,0.7690284,0.6975447,0.61629555,0.8675337,0.86783014,0.8566977,0.8172311,0.7933251,0.8033223,0.8795352,0.87226576,0.8355586,0.8262438,0.71202856,0.7578597,0.763054,0.86024654,0.8184608,0.8137342,0.8126677,0.79466987,0.7939149,0.87960947,0.88686615,0.899502,0.9187672,0.7660367,0.8440573,0.8925233,0.75784755,0.7542942,0.80717766,0.75891674,0.8363288,0.7713703,0.78453076,0.8341869,0.8276577,0.75565064,0.7517825,0.76232046,0.76795954,0.7423528,0.79103065
Giraffe_A,A_13,0.93185925,0.9385885,0.9677979,0.9716629,0.9673227,0.95714265,0.97678626,0.9724697,0.9633321,0.9731968,0.97979456,0.9684411,1,0.9569908,0.9661715,0.962149,0.9637219,0.971238,0.9705812,0.97368187,0.71588707,0.7939149,0.87960947,0.88686615,0.8299036,0.8398806,0.89009476,0.85965455,0.7968731,0.8178693,0.7917222,0.7054002,0.62577215,0.88827,0.8881553,0.86511366,0.7036383,0.8303846,0.728306,0.88686615,0.899502,0.7924465,0.8337982,0.6980302,0.7498615,0.7741401,0.84959984,0.81471115,0.82825625,0.8223542,0.8032444,0.7982755,0.8669075,0.8618566,0.8829564,0.9067249,0.8383457,0.82423115,0.89180297,0.76208055,0.7572691,0.80978554,0.75617164,0.8372884,0.7659504,0.77156955,0.8372967,0.82271963,0.7429063,0.7389353,0.7527064,0.76358795,0.7639115,0.795205
Giraffe_A,A_14,0.9235662,0.95849764,0.97757506,0.96486634,0.97468644,0.95823455,0.972554,0.97669023,0.9634246,0.9643852,0.9794431,0.9469207,0.9569908,1,0.98842955,0.99362814,0.9927837,0.9810053,0.95611405,0.97888625,0.7799727,0.7982755,0.8669075,0.8618566,0.825462,0.82768995,0.8916495,0.8734888,0.7799703,0.7912456,0.9114305,0.8410002,0.8581144,0.8294002,0.84894685,0.8497541,0.6633295,0.8211972,0.68796236,0.8618566,0.8829564,0.7869083,0.8356766,0.763054,0.80267036,0.80952406,0.87859446,0.8539631,0.86238456,0.858232,0.84401494,0.83878493,0.8817141,0.8763232,0.861283,0.89364445,0.77817833,0.81282616,0.7875883,0.8072517,0.80144227,0.85459554,0.80251396,0.87625027,0.8097943,0.7561893,0.8572374,0.85432595,0.783844,0.786566,0.79496634,0.81298715,0.73212075,0.8420615
Giraffe_A,A_15,0.93003774,0.9518281,0.97648495,0.9637642,0.97361207,0.952318,0.97745126,0.9793377,0.97712815,0.9652596,0.98427176,0.96031266,0.9661715,0.98842955,0.9999997,0.9919908,0.9861916,0.98932105,0.9679396,0.98890775,0.7757722,0.83878493,0.8817141,0.8763232,0.82615596,0.8298848,0.89175105,0.87129164,0.79963946,0.80860204,0.88376224,0.8566977,0.87881027,0.84787355,0.85980175,0.8654688,0.6893023,0.8204828,0.7134931,0.8763232,0.861283,0.7354065,0.84591606,0.7741401,0.79201025,0.86689425,0.87577724,0.84799224,0.85634905,0.8546443,0.839411,0.834412,0.8862011,0.8632257,0.86833334,0.8017127,0.78708935,0.82102275,0.7797001,0.80396616,0.80017686,0.8467779,0.79459345,0.8688768,0.8018042,0.781803,0.84933203,0.84505177,0.77688265,0.7784642,0.7916939,0.8055706,0.7527498,0.83361745
Giraffe_A,A_16,0.9214106,0.96595657,0.9820279,0.9711572,0.97394985,0.95965445,0.97476137,0.98278487,0.9675626,0.97101223,0.9826993,0.95012933,0.962149,0.99362814,0.9919908,1.0000002,0.9952949,0.98348475,0.96095693,0.984103,0.8098738,0.7715015,0.8862011,0.8632257,0.82456607,0.8271333,0.8942127,0.8804219,0.7690284,0.79152954,0.8753245,0.86511366,0.85351835,0.86153023,0.86300384,0.85807924,0.82467763,0.83984123,0.8393131,0.8632257,0.86833334,0.9482136,0.8451066,0.80952406,0.8036543,0.8235328,0.88091433,0.85536057,0.8633352,0.8619983,0.8473388,0.84217435,0.88469106,0.8383205,0.8662977,0.8975944,0.7981506,0.8236315,0.79907715,0.8067538,0.8017812,0.8546492,0.8028374,0.8788613,0.8114387,0.76493466,0.8642324,0.85673213,0.78453076,0.7842941,0.79523784,0.81339455,0.7664596,0.84120363
Giraffe_A,A_17,0.9184805,0.96333563,0.9853679,0.972648,0.97711086,0.9623687,0.9774136,0.98363525,0.9672624,0.97533983,0.9843853,0.944766,0.9637219,0.9927837,0.9861916,0.9952949,0.9999999,0.9864431,0.9610506,0.9835552,0.79580617,0.7691185,0.88469106,0.8383205,0.8228032,0.8261626,0.88970464,0.8703933,0.7917222,0.7845887,0.87581736,0.657215,0.858827,0.8707095,0.8881553,0.7315119,0.7376733,0.6975447,0.7054002,0.8383205,0.8662977,0.94846,0.842878,0.86689425,0.78851306,0.8357426,0.8704202,0.84178627,0.8544349,0.85060906,0.8355586,0.8290584,0.8752667,0.72773856,0.8624393,0.8934531,0.79537237,0.816524,0.7801091,0.7972319,0.7910107,0.84622943,0.78986895,0.87009263,0.79795736,0.74156845,0.85682535,0.8480805,0.77156955,0.77245843,0.78160787,0.7994511,0.80346346,0.8314382
Giraffe_A,A_18,0.93760574,0.94644403,0.98069847,0.9676927,0.97518086,0.95430297,0.97901726,0.97901905,0.9772314,0.9712652,0.9857823,0.9614507,0.971238,0.9810053,0.98932105,0.98348475,0.9864431,1,0.9759009,0.9908147,0.7857473,0.8290584,0.8752667,0.72773856,0.83624756,0.8395664,0.89297396,0.862556,0.79866993,0.8255308,0.86855066,0.7341144,0.7376733,0.6975447,0.7054002,0.6794183,0.65047863,0.61629555,0.62577215,0.72773856,0.8624393,0.95964265,0.84774073,0.8235328,0.7583817,0.8238403,0.8596109,0.8208053,0.83437073,0.8296602,0.81277657,0.80550903,0.87806517,0.8731666,0.87669706,0.8820986,0.806351,0.8177471,0.7987796,0.78131807,0.7751158,0.83023727,0.76865757,0.8528867,0.7767325,0.94141316,0.83950615,0.83425915,0.7561893,0.75653076,0.7658945,0.7758158,0.7928158,0.8113592
Giraffe_A,A_19,0.95595634,0.9391372,0.9615176,0.9606901,0.9478085,0.9309615,0.95475435,0.95738447,0.95142865,0.9533572,0.9680698,0.9669433,0.9705812,0.95611405,0.9679396,0.96095693,0.9610506,0.9759009,0.99999976,0.97601193,0.80700734,0.8866809,0.7715015,0.7715015,0.85929954,0.8595682,0.9067339,0.87307435,0.87581736,0.81880844,0.7998561,0.8535337,0.65047863,0.61629555,0.62577215,0.7170002,0.84938613,0.8675337,0.88827,0.894475,0.9459602,0.94807345,0.8453807,0.8357426,0.7787112,0.82558286,0.877285,0.8327125,0.82301843,0.8283556,0.81526846,0.8125772,0.89721125,0.7660367,0.8997352,0.90604893,0.81456226,0.8460441,0.8383205,0.79460424,0.7924465,0.83955467,0.78761053,0.86213005,0.79622257,0.9348757,0.8583552,0.8501974,0.781803,0.7794488,0.7895317,0.79462886,0.81623197,0.82116395
Giraffe_A,A_20,0.93019223,0.9578829,0.9864233,0.97532856,0.97934556,0.9603136,0.98422563,0.98561203,0.9815842,0.974375,0.99019384,0.9566851,0.97368187,0.97888625,0.98890775,0.984103,0.9835552,0.9908147,0.97601193,0.9999998,0.8089517,0.86021733,0.7691185,0.7691185,0.83215517,0.8377769,0.8956492,0.87082154,0.86855066,0.8269273,0.8178693,0.86783014,0.84938613,0.8675337,0.88827,0.61629555,0.62577215,0.8613941,0.8616733,0.8355586,0.9538627,0.9628321,0.8536757,0.8238403,0.77313936,0.81650716,0.8688004,0.8316269,0.8447312,0.8396142,0.8240034,0.8183007,0.88427746,0.8383457,0.79857594,0.87119665,0.8013382,0.82658005,0.72773856,0.7925542,0.7869083,0.83942944,0.7803918,0.8625157,0.7885409,0.9478195,0.8501184,0.84167814,0.76493466,0.7667883,0.7778572,0.78927654,0.7860457,0.8221113
Giraffe_B,B_1,0.7682889,0.7799703,0.7810139,0.7451361,0.76855066,0.782825,0.8172311,0.7829871,0.76047863,0.86707095,0.864635,0.87397037,0.77923037,0.8280845,0.8307272,0.84391975,0.88376224,0.7787112,0.7376572,0.8889517,1,0.98870933,0.9687492,0.9763946,0.9733304,0.97232306,0.96394384,0.92054943,0.7998561,0.75002164,0.7912456,0.741144,0.8535337,0.86783014,0.8881553,0.76053023,0.95200384,0.8598077,0.8681018,0.7924465,0.8671259,0.8782315,0.7826423,0.82558286,0.7313863,0.8494648,0.82668686,0.77653545,0.75976443,0.7618952,0.7505911,0.75044817,0.8426711,0.77817833,0.7982588,0.8673959,0.8103391,0.8221463,0.85388947,0.742029,0.7354065,0.782318,0.73583853,0.80438185,0.7436391,0.86831844,0.79394346,0.8034401,0.74156845,0.74623215,0.74239945,0.743976,0.8099935,0.76942897
Giraffe_B,B_2,0.7273765,0.79963946,0.82508934,0.84816366,0.7998561,0.727638,0.7933251,0.80668224,0.74997037,0.7376733,0.65047863,0.84494046,0.8385748,0.76438613,0.81812066,0.84988415,0.8753245,0.77313936,0.8108207,0.86021733,0.98870933,1.0000002,0.9495118,0.96800363,0.98680973,0.9839602,0.96282464,0.9731346,0.8178693,0.7715015,0.80860204,0.782825,0.8410002,0.8566977,0.86511366,0.8368543,0.93036693,0.8546976,0.828827,0.7869083,0.84129834,0.85067797,0.8604071,0.81650716,0.7289388,0.8163252,0.81974965,0.76589245,0.73959714,0.7461887,0.73685586,0.7407164,0.83623576,0.8565262,0.79857594,0.85179,0.84504974,0.81090087,0.84470224,0.7325031,0.7267633,0.77312446,0.7320648,0.7946668,0.74162054,0.84877574,0.7867396,0.7978665,0.7389126,0.7395547,0.7379727,0.7364453,0.84826183,0.7601573
Giraffe_B,B_3,0.7905546,0.7690284,0.7983626,0.82876116,0.8178693,0.692706,0.7303846,0.7211972,0.740635,0.74997037,0.7376733,0.65047863,0.8415119,0.7894183,0.8195469,0.84488857,0.87581736,0.7313863,0.8142937,0.95384324,0.9687492,0.9495118,1,0.98658144,0.92582834,0.9320832,0.95103145,0.9880856,0.7912456,0.7691185,0.79152954,0.8581144,0.87881027,0.6828552,0.86783014,0.8566977,0.8172311,0.68796236,0.7134931,0.7354065,0.93002295,0.9368415,0.7819793,0.8133201,0.7470666,0.9189483,0.84844893,0.80123657,0.80653036,0.8008849,0.7845498,0.7799628,0.86125135,0.9357814,0.7982588,0.9026722,0.9119745,0.8335842,0.87991214,0.75842756,0.7521475,0.8034836,0.7479922,0.8265127,0.75509757,0.91394436,0.8122052,0.81381,0.7408598,0.7442061,0.7485067,0.7559962,0.7450281,0.78839946
Giraffe_B,B_4,0.85829884,0.7917222,0.8175322,0.83657783,0.7912456,0.704366,0.597353,0.7845887,0.8110204,0.8268556,0.7939149,0.61629555,0.8476733,0.76047863,0.8100139,0.8451361,0.86855066,0.7289388,0.82394564,0.9227332,0.9763946,0.96800363,0.98658144,0.9999998,0.9586524,0.9620586,0.960358,0.9309777,0.80860204,0.7339754,0.7845887,0.8294002,0.84787355,0.8503646,0.8881553,0.86511366,0.7036383,0.6596258,0.6861893,0.8606866,0.7289388,0.8211243,0.7811327,0.8684405,0.74106836,0.878579,0.83928853,0.7933625,0.78896487,0.79076207,0.7757567,0.77381057,0.8574921,0.91526896,0.8791788,0.89351,0.8890338,0.8340679,0.8666091,0.75663805,0.75071394,0.7967932,0.7468262,0.81727237,0.7542569,0.8929201,0.80231154,0.80561507,0.7423447,0.7442455,0.74779296,0.7513417,0.7331597,0.7852318
Giraffe_B,B_5,0.87690973,0.79866993,0.82376313,0.8427851,0.80860204,0.701492,0.702054,0.8255308,0.848819,0.8604108,0.7982755,0.62577215,0.65047863,0.84251835,0.82508934,0.84816366,0.7998561,0.8585721,0.84129834,0.83215517,0.9733304,0.98680973,0.92582834,0.9586524,1.0000002,0.9928822,0.95754015,0.93016876,0.84974706,0.7209394,0.8255308,0.7091978,0.6975447,0.7054002,0.727638,0.7933251,0.80668224,0.6657303,0.69126476,0.7996225,0.8085246,0.8218818,0.8353019,0.76187044,0.71339685,0.782318,0.7983974,0.7499379,0.7222794,0.7302068,0.72034365,0.72390395,0.8147265,0.8351591,0.8379593,0.8370438,0.8260329,0.8013731,0.8219706,0.71768934,0.71202856,0.75625646,0.7175972,0.7767171,0.72486925,0.82370263,0.7695241,0.77973145,0.7240693,0.72688746,0.72115445,0.7191362,0.79816604,0.7450281
Giraffe_B,B_6,0.8846487,0.79152954,0.8145233,0.8113185,0.81738526,0.709978,0.708263,0.81880844,0.84298265,0.854221,0.83878493,0.7009657,0.61629555,0.76053023,0.7983626,0.82876116,0.8178693,0.86737484,0.85067797,0.8377769,0.97232306,0.9839602,0.9320832,0.9620586,0.9928822,0.9999999,0.960504,0.9627785,0.8541944,0.8777386,0.81880844,0.6633295,0.8611147,0.8850004,0.692706,0.8033223,0.81925834,0.7111715,0.8121874,0.7952434,0.81100523,0.8223046,0.8323668,0.7680724,0.7011425,0.78565806,0.7897024,0.7379715,0.7172155,0.7223511,0.7105249,0.7136406,0.8052432,0.840132,0.8401561,0.83810776,0.82626796,0.798977,0.8139971,0.7044047,0.6980302,0.7434747,0.7045955,0.7651781,0.7120333,0.82099324,0.7579625,0.76578045,0.70987093,0.7110727,0.7063469,0.70514274,0.8191941,0.7331597
Giraffe_B,B_7,0.925331,0.7845887,0.8110204,0.8268556,0.7939149,0.730846,0.602159,0.8269273,0.85001385,0.861539,0.834412,0.86511366,0.62577215,0.95200384,0.8175322,0.83657783,0.7912456,0.8530781,0.8604071,0.8956492,0.96394384,0.96282464,0.95103145,0.960358,0.95754015,0.960504,1,0.9614649,0.70472746,0.7208343,0.8269273,0.6893023,0.627149,0.682044,0.704366,0.85245896,0.79028774,0.7856487,0.8035538,0.86077166,0.8570833,0.8355586,0.8653576,0.82285875,0.76429975,0.836617,0.84593576,0.80733395,0.7824781,0.79121315,0.78050715,0.78349245,0.8566499,0.88459444,0.8698341,0.88019586,0.89602923,0.830118,0.87354994,0.7690004,0.763054,0.809641,0.76745033,0.83181006,0.7788586,0.8764185,0.8284462,0.8312879,0.77271175,0.76856846,0.77308905,0.77488935,0.8789929,0.79816604
Giraffe_B,B_8,0.89009476,0.8255308,0.848819,0.8604108,0.7982755,0.604649,0.8441951,0.8123921,0.83677286,0.8522935,0.84217435,0.6975447,0.8613941,0.8598077,0.82376313,0.8427851,0.80860204,0.8682889,0.87307435,0.87082154,0.93054943,0.9731346,0.9680856,0.9309777,0.96016876,0.927785,0.9614649,0.9999999,0.8705916,0.8840337,0.87469655,0.82467763,0.8294729,0.78144146,0.8616733,0.770002,0.741144,0.8215447,0.754002,0.8526301,0.82456625,0.7924465,0.8578023,0.7973371,0.7771634,0.80916524,0.84202325,0.81328994,0.77795184,0.7954273,0.7871281,0.79142094,0.841817,0.8462648,0.82420814,0.8430038,0.8821268,0.79165375,0.8676705,0.77943,0.7741401,0.81894267,0.78273726,0.839058,0.79529697,0.8604878,0.84499204,0.84042716,0.7888421,0.7773603,0.78991014,0.7908846,0.8706494,0.8078188
Giraffe_C,C_1,0.8916495,0.81880844,0.84298265,0.854221,0.83878493,0.697343,0.8453076,0.7901561,0.8166254,0.83143413,0.8290584,0.704366,0.8616733,0.8681018,0.8145233,0.8113185,0.81738526,0.87273765,0.9680792,0.9701649,0.801904,0.782825,0.727638,0.604649,0.8441951,0.8541944,0.704366,0.8705916,0.989999,0.9100909,0.94496274,0.9853198,0.9875417,0.9577824,0.9608642,0.840635,0.938827,0.940635,0.938827,0.740635,0.7046762,0.7869083,0.7973371,0.8249741,0.7677823,0.929321,0.8653902,0.8173047,0.81210494,0.81854606,0.80416113,0.80078673,0.8819617,0.79857594,0.8994552,0.82727965,0.75925887,0.8456056,0.89586765,0.7820566,0.7787304,0.82606107,0.77003896,0.8473547,0.7803816,0.9271474,0.82983565,0.8272761,0.75869924,0.76068735,0.7711269,0.7805711,0.7794488,0.80995184
Giraffe_C,C_2,0.73215406,0.8269273,0.85001385,0.861539,0.834412,0.808253,0.8028416,0.81359703,0.8172311,0.7933251,0.8033223,0.85245896,0.770002,0.74383014,0.8110204,0.8268556,0.7939149,0.87960947,0.9550684,0.94829375,0.7102962,0.892655,0.7424915,0.7313092,0.8741261,0.8777386,0.75002164,0.75002164,0.9100909,0.99999,0.9775133,0.9608642,0.96513593,0.9677824,0.96513593,0.9100909,0.911553,0.921827,0.880635,0.754002,0.7341144,0.7354065,0.7289388,0.8211243,0.7811327,0.9009403,0.87088543,0.81927735,0.79746765,0.8095518,0.7979878,0.79810345,0.88223827,0.7982588,0.79857594,0.8383244,0.78255254,0.87434137,0.894749,0.78324926,0.7808155,0.827119,0.77964497,0.84939075,0.78930265,0.9129642,0.8326527,0.8329488,0.7687714,0.7702743,0.7815305,0.7902186,0.7667883,0.8135084
Giraffe_C,C_3,0.754947,0.8123921,0.83677286,0.8522935,0.84217435,0.7894183,0.76047863,0.74997037,0.8329871,0.80668224,0.782825,0.8172311,0.8329871,0.76047863,0.86707095,0.864635,0.87397037,0.77923037,0.8280845,0.9191277,0.7453715,0.874125,0.7214644,0.743745,0.86892897,0.8726137,0.7715015,0.7715015,0.9496274,0.9775133,0.9999997,0.9177095,0.938827,0.911553,0.89383014,0.9853198,0.9875417,0.9577824,0.93217,0.747037,0.736733,0.89888966,0.782318,0.8546046,0.78722036,0.8681474,0.8667612,0.812216,0.7860104,0.79929346,0.7900624,0.79199576,0.8664975,0.92626953,0.7982588,0.8263058,0.75521696,0.8726546,0.8802231,0.7716172,0.7720909,0.81961703,0.7771314,0.84319884,0.7875883,0.89251,0.8251749,0.8228846,0.76099503,0.76419365,0.77883965,0.78752923,0.74623215,0.80341387
Giraffe_C,C_4,0.74383014,0.7473639,0.74383014,0.797037,0.754002,0.7975447,0.7089294,0.597353,0.8002124,0.8085103,0.7265099,0.8593235,0.740635,0.7046762,0.7170002,0.7111715,0.710002,0.704002,0.828817,0.7975447,0.740635,0.710002,0.74383014,0.7177095,0.954002,0.7912456,0.741144,0.7691185,0.9177095,0.954002,0.9054002,0.9745325,0.924345,0.935362,0.9151885,0.94496274,0.938827,0.911553,0.954002,0.754002,0.627215,0.87974285,0.7821877,0.694649,0.67343,0.7014992,0.7856487,0.7894183,0.76047863,0.74997037,0.86547086,0.627648,0.7062799,0.6828552,0.6855375,0.7051277,0.85200384,0.824196,0.74997037,0.7376733,0.65047863,0.94251835,0.8332042,0.84894685,0.8497541,0.7856487,0.7111715,0.7211972,0.74997037,0.740635,0.7046762,0.7170002,0.7036383,0.8840877
Giraffe_C,C_5,0.7341144,0.7054002,0.7473639,0.818827,0.7975447,0.8215447,0.6651303,0.702054,0.7294585,0.7009657,0.6596258,0.6861893,0.74997037,0.72094046,0.7341144,0.647863,0.818827,0.627215,0.740635,0.828817,0.747037,0.741144,0.7641553,0.738827,0.740635,0.80860204,0.782825,0.7339754,0.938827,0.740635,0.93217,0.9232345,0.989994,0.919093,0.9353634,0.9100909,0.9054002,0.9775133,0.930635,0.8110779,0.8213941,0.727638,0.81359703,0.8441951,0.8431076,0.7091978,0.7111715,0.88827,0.86707095,0.7376733,0.87397037,0.7062799,0.7051277,0.6919984,0.6084895,0.7237159,0.7170002,0.8642989,0.72094046,0.6975447,0.61629555,0.85053023,0.8368543,0.85980175,0.8654688,0.8035538,0.8121874,0.8204828,0.7376733,0.74997037,0.72094046,0.7341144,0.8303846,0.88250207
Giraffe_C,C_6,0.8681018,0.828827,0.657215,0.858827,0.8707095,0.8053881,0.6916476,0.708263,0.8085103,0.70809294,0.6657303,0.69126476,0.7376733,0.6975447,0.7054002,0.710002,0.798827,0.740635,0.741144,0.838817,0.757037,0.771144,0.740635,0.711553,0.721827,0.79152954,0.8581144,0.917093,0.911553,0.921827,0.91263,0.9325362,0.917093,0.985325,0.9223517,0.94496274,0.93217,0.954002,0.921827,0.8616733,0.84494046,0.740635,0.828827,0.7956958,0.801904,0.7303846,0.7211972,0.8881553,0.864635,0.65047863,0.84494046,0.697343,0.802044,0.808253,0.702149,0.802044,0.7341144,0.7341144,0.7341144,0.7054002,0.62577215,0.85200384,0.83036693,0.86300384,0.85807924,0.88827,0.8881553,0.86547086,0.65047863,0.7376733,0.6975447,0.7054002,0.728306,0.8546976
Giraffe_C,C_7,0.81359703,0.80002124,0.8850004,0.682044,0.87974285,0.7821877,0.8715951,0.602159,0.7265199,0.70002124,0.7945851,0.8085103,0.74383014,0.7641553,0.740635,0.741144,0.754002,0.747037,0.754002,0.647863,0.704002,0.627215,0.741144,0.7100909,0.7496274,0.7845887,0.8294002,0.735634,0.9100909,0.94496274,0.9177095,0.9151885,0.935634,0.923517,0.9745325,0.9177095,0.91263,0.940735,0.94496274,0.8681018,0.8215447,0.7046762,0.80002124,0.7894183,0.76047863,0.74997037,0.740635,0.7046762,0.7170002,0.7036383,0.6633295,0.6893023,0.697343,0.84531076,0.8840877,0.65438613,0.7054002,0.8172311,0.8329871,0.8411147,0.84938613,0.7170002,0.84547863,0.81129555,0.82077215,0.83103786,0.8526307,0.754002,0.84494046,0.65047863,0.61629555,0.62577215,0.7009657,0.86511366
Giraffe_C,C_8,0.83285315,0.8014992,0.741144,0.782825,0.85221736,0.7878965,0.7014992,0.7856487,0.8035538,0.731144,0.704002,0.736733,0.6837914,0.7062799,0.6828552,0.741144,0.80002124,0.794585,0.8085103,0.710002,0.828817,0.740635,0.7975447,0.7100909,0.8054002,0.7775133,0.7100909,0.732765,0.9100909,0.9054002,0.9775133,0.9100909,0.932765,0.9524196,0.976546,0.989994,0.919093,0.9353634,0.9577824,0.828827,0.62577215,0.657215,0.8850004,0.88827,0.86707095,0.7376733,0.74997037,0.72094046,0.7341144,0.8303846,0.8211972,0.8204828,0.802044,0.78144146,0.88250207,0.7046762,0.727638,0.7933251,0.80668224,0.8171396,0.8535337,0.7341144,0.85307095,0.740635,0.7046762,0.7170002,0.8611147,0.7975447,0.8385748,0.8415119,0.8476733,0.65047863,0.61629555,0.62577215
Giraffe_C,C_9,0.8410002,0.828827,0.80002124,0.8294729,0.8053881,0.7821877,0.7091978,0.7111715,0.8121874,0.710002,0.627215,0.647863,0.7014992,0.7091978,0.8566288,0.647863,0.8014992,0.7856487,0.8035538,0.741144,0.7975447,0.8411147,0.8411147,0.7496274,0.73217,0.754002,0.742986,0.799995,0.94496274,0.93217,0.954002,0.942986,0.899995,0.9382947,0.938126,0.917093,0.985325,0.9223517,0.93217,0.74837905,0.75002164,0.858827,0.682044,0.8881553,0.864635,0.65047863,0.7376733,0.6975447,0.7054002,0.728306,0.68796236,0.7134931,0.808253,0.80248416,0.8546976,0.72094046,0.692706,0.8033223,0.81925834,0.8110779,0.85383014,0.7054002,0.850635,0.74997037,0.72094046,0.7341144,0.8571396,0.864635,0.88827,0.86707095,0.7376733,0.657215,0.858827,0.8707095
Giraffe_C,C_10,0.747037,0.657215,0.8850004,0.78144146,0.84017763,0.85550575,0.7303846,0.7211972,0.8204828,0.7975447,0.740635,0.710002,0.7856487,0.7111715,0.65047863,0.710002,0.682835,0.627648,0.592716,0.74383014,0.7641553,0.740635,0.771144,0.7177095,0.71263,0.740635,0.7211972,0.712357,0.9177095,0.91263,0.920639,0.9211972,0.912357,0.92996,0.740635,0.935634,0.923517,0.9745325,0.91263,0.8355586,0.727638,0.8707095,0.87974285,0.86547086,0.87397037,0.84494046,0.65047863,0.61629555,0.62577215,0.7009657,0.6596258,0.6861893,0.702149,0.8294729,0.86511366,0.6975447,0.704366,0.85245896,0.79028774,0.7265199,0.8573639,0.85147086,0.85997037,0.7376733,0.6975447,0.7054002,0.8710779,0.87397037,0.8881553,0.864635,0.65047863,0.8850004,0.682044,0.87974285
Giraffe_C,C_11,0.736733,0.858827,0.682044,0.627648,0.61629555,0.8818793,0.6837914,0.7062799,0.6828552,0.828817,0.747037,0.741144,0.8035538,0.8121874,0.7878965,0.8434519,0.736733,0.7054002,0.871396,0.788827,0.647863,0.798827,0.740635,0.952354,0.938126,0.924796,0.924796,0.9100909,0.952354,0.938126,0.924796,0.924796,0.9100909,0.924796,0.9100909,0.8211972,0.827149,0.8294729,0.9822989,0.7924465,0.740635,0.85980175,0.8654688,0.8555119,0.8616733,0.8215447,0.74383014,0.7641553,0.740635,0.70809294,0.6657303,0.69126476,0.802044,0.78144146,0.85351835,0.740635,0.635102,0.82108403,0.82808883,0.77923037,0.8385748,0.8415119,0.8476733,0.65047863,0.61629555,0.62577215,0.8613941,0.8616733,0.86547086,0.87397037,0.84494046,0.797037,0.818827,0.7054002
Giraffe_D,D_1,0.7691185,0.9338472,0.692706,0.7303846,0.7211972,0.740635,0.74997037,0.7376733,0.65047863,0.8415119,0.7894183,0.8441951,0.7956958,0.65438613,0.7046762,0.72094046,0.6975447,0.8613941,0.8598077,0.8753245,0.8483834,0.82394564,0.709978,0.708263,0.8085103,0.7036383,0.8303846,0.728306,0.7009657,0.61629555,0.76053023,0.7856487,0.7111715,0.7211972,0.74997037,0.740635,0.7046762,0.7170002,0.7036383,0.99999976,0.9157742,0.9543339,0.96569073,0.9018352,0.9793171,0.9159508,0.9793171,0.9479732,0.97245884,0.98458254,0.9725884,0.9864705,0.9732588,0.88370526,0.8328881,0.8619972,0.78255254,0.78788316,0.8199648,0.72773856,0.79907715,0.868844,0.8090951,0.8182454,0.72951794,0.9571017,0.89471936,0.88600796,0.7878565,0.79227006,0.7953726,0.8156206,0.77762103,0.84737706
Giraffe_D,D_2,0.7895212,0.88734096,0.704366,0.597353,0.80002124,0.7046762,0.72094046,0.6975447,0.61629555,0.8476733,0.76047863,0.8453076,0.801904,0.782825,0.727638,0.692706,0.704366,0.8616733,0.8681018,0.87581736,0.8671259,0.84129834,0.730846,0.602159,0.7265199,0.8840877,0.88250207,0.8546976,0.86511366,0.62577215,0.95200384,0.8035538,0.8121874,0.8204828,0.7376733,0.74997037,0.72094046,0.7341144,0.8303846,0.9157742,1,0.9895231,0.97245884,0.97628987,0.9555443,0.9864705,0.9555443,0.92555443,0.92806754,0.95843714,0.9210044,0.98458254,0.9783114,0.79857594,0.8651077,0.89666164,0.75521696,0.8028516,0.8056933,0.7811463,0.7801091,0.830452,0.7678296,0.85380805,0.7516209,0.9626611,0.8355839,0.83100414,0.7579601,0.76392895,0.7714285,0.77762103,0.7989319,0.8069382
Giraffe_D,D_3,0.7864812,0.7690284,0.701492,0.702054,0.794585,0.7170002,0.7341144,0.7054002,0.62577215,0.65047863,0.7845887,0.8110204,0.8268556,0.7939149,0.7933251,0.8033223,0.85245896,0.770002,0.74383014,0.86855066,0.8782315,0.85067797,0.604649,0.8441951,0.7956958,0.65438613,0.7046762,0.72094046,0.6975447,0.8613941,0.8598077,0.88827,0.8881553,0.86547086,0.65047863,0.7376733,0.6975447,0.7054002,0.728306,0.9543339,0.9895231,0.9999999,0.9889519,0.97475576,0.97245884,0.98458254,0.97245884,0.9446533,0.952454,0.9879673,0.926069,0.95843714,0.9523772,0.7982588,0.86959517,0.90064293,0.77365655,0.814997,0.8218526,0.8040924,0.7987796,0.85455155,0.7896594,0.88004225,0.80248916,0.9771449,0.86449254,0.85727817,0.7772156,0.7857971,0.78927255,0.7989319,0.8439832,0.83305943
Giraffe_D,D_4,0.83302176,0.7917222,0.709978,0.708263,0.8085103,0.7036383,0.8303846,0.728306,0.7009657,0.61629555,0.8255308,0.848819,0.8604108,0.7982755,0.80668224,0.81925834,0.79028774,0.741144,0.7473639,0.7998561,0.8826423,0.8604071,0.697343,0.8453076,0.801904,0.782825,0.727638,0.692706,0.704366,0.8616733,0.8681018,0.83103786,0.8526307,0.754002,0.84494046,0.65047863,0.61629555,0.62577215,0.7009657,0.96569073,0.97245884,0.9889519,0.99999994,0.94003475,0.92806754,0.95843714,0.9210044,0.95843714,0.9210044,0.9446533,0.952454,0.8609271,0.9343327,0.79857594,0.87806225,0.90502983,0.7832317,0.8320169,0.85009035,0.8435364,0.8383205,0.89148575,0.83459765,0.751277,0.8467021,0.98707616,0.90803224,0.8988072,0.819294,0.82712215,0.8332292,0.8439832,0.7187377,0.870114
Giraffe_D,D_5,0.87690973,0.79866993,0.730846,0.602159,0.7265199,0.8840877,0.88250207,0.8546976,0.7211972,0.740635,0.74997037,0.7376733,0.65047863,0.8415119,0.8881553,0.86547086,0.8555119,0.81908221,0.740635,0.8178693,0.8332138,0.7970115,0.808253,0.8028416,0.81359703,0.8172311,0.7933251,0.8033223,0.85245896,0.770002,0.74383014,0.7170002,0.8611147,0.7975447,0.8385748,0.8415119,0.8476733,0.65047863,0.61629555,0.9418352,0.97628987,0.97475576,0.94003475,1,0.9303093,0.9879673,0.926069,0.9446533,0.952454,0.930621,0.9609271,0.9272024,0.9732588,0.7982588,0.8234899,0.8601949,0.75784755,0.7636996,0.8520194,0.7322537,0.72773856,0.7815845,0.71037465,0.80587137,0.72089624,0.92957926,0.78230584,0.7746239,0.69439536,0.70153594,0.7039008,0.7187377,0.8280902,0.7634176
Giraffe_D,D_6,0.8846487,0.79152954,0.604649,0.8441951,0.7956958,0.65438613,0.7046762,0.72094046,0.6975447,0.8613941,0.8269273,0.85001385,0.861539,0.834412,0.864635,0.87397037,0.8616733,0.82681018,0.72094046,0.77313936,0.7313863,0.7289388,0.7894183,0.76047863,0.74997037,0.8329871,0.80668224,0.81925834,0.79028774,0.741144,0.7473639,0.7341144,0.8571396,0.864635,0.88827,0.86707095,0.7376733,0.657215,0.858827,0.9888176,0.9650349,0.9166544,0.92806754,0.909374,1.0000001,0.93530686,0.96872723,0.9535426,0.9076029,0.91291714,0.9343327,0.9295753,0.97683114,0.7733424,0.7622869,0.7811009,0.76208055,0.7596964,0.8859808,0.8008925,0.93499863,0.7293916,0.837631,0.9271263,0.7726544,0.8247675,0.8799077,0.8986509,0.90833396,0.9211967,0.9404051,0.7559473,0.89329517,0.9244467
Giraffe_D,D_7,0.925331,0.7845887,0.697343,0.8453076,0.801904,0.782825,0.727638,0.692706,0.704366,0.8616733,0.8123921,0.83677286,0.8522935,0.84217435,0.8329871,0.76047863,0.86707095,0.864635,0.87397037,0.77923037,0.8280845,0.8163252,0.88827,0.86707095,0.7376733,0.88827,0.8881553,0.86547086,0.8555119,0.81908221,0.740635,0.7054002,0.8710779,0.87397037,0.8881553,0.864635,0.65047863,0.8850004,0.682044,0.909374,0.9864705,0.98458254,0.95843714,0.9441535,0.909374,1.0000002,0.9491187,0.9446533,0.952454,0.930621,0.9609271,0.932705,0.9523772,0.7327404,0.8362067,0.86839664,0.8072517,0.77424634,0.8801581,0.75143373,0.74852717,0.8041148,0.7340672,0.82928765,0.8182454,0.9504925,0.8112482,0.8059309,0.7276,0.73606175,0.737741,0.7458699,0.7763264,0.7905823
Giraffe_D,D_8,0.8594783,0.88991976,0.808253,0.8028416,0.81359703,0.8172311,0.7933251,0.8033223,0.85245896,0.770002,0.7901561,0.8166254,0.83143413,0.8290584,0.80668224,0.74997037,0.7376733,0.65047863,0.84494046,0.8385748,0.76438613,0.81974965,0.8881553,0.864635,0.65047863,0.86707095,0.864635,0.87397037,0.8616733,0.82681018,0.72094046,0.62577215,0.8613941,0.8616733,0.86547086,0.87397037,0.84494046,0.797037,0.818827,0.9441535,0.9793171,0.909374,0.9864705,0.9371495,0.9441535,0.9491187,1,0.9535426,0.9076029,0.91291714,0.9343327,0.9391978,0.9638039,0.8652509,0.8420177,0.8652979,0.80396616,0.81489563,0.7441888,0.8075392,0.7875883,0.7412869,0.8988072,0.7726544,0.751277,0.91489065,0.73606175,0.73606175,0.73606175,0.7711269,0.93107533,0.8406279,0.7605747,0.7763264
Giraffe_D,D_9,0.80952406,0.86689425,0.7211972,0.740635,0.74997037,0.7376733,0.65047863,0.8415119,0.79028774,0.741144,0.7473639,0.8184608,0.692706,0.7303846,0.7211972,0.740635,0.74997037,0.7376733,0.65047863,0.8415119,0.7894183,0.76589245,0.86547086,0.87397037,0.84494046,0.7376733,0.65047863,0.84494046,0.8215447,0.83968596,0.692706,0.95200384,0.8598077,0.8681018,0.8555119,0.8616733,0.8215447,0.754002,0.7975447,0.9371495,0.9555443,0.9441535,0.9793171,0.96569073,0.9371495,0.9225754,0.93882775,1.0000002,0.9559072,0.97432786,0.9732588,0.97683114,0.9523772,0.82695836,0.7990313,0.81834394,0.8539468,0.7908838,0.814888,0.7230715,0.7726544,0.932365,0.7746239,0.8182454,0.76372087,0.87533873,0.7711269,0.7711269,0.7711269,0.7815305,0.7272543,0.8000046,0.7805375,0.7205747
Giraffe_D,D_10,0.78787804,0.8493228,0.88827,0.7845887,0.8110204,0.8268556,0.7939149,0.86547086,0.8555119,0.81908221,0.740635,0.8137342,0.704366,0.597353,0.80002124,0.7046762,0.72094046,0.6975447,0.61629555,0.782825,0.8172311,0.8329871,0.76047863,0.86707095,0.864635,0.87397037,0.77923037,0.8280845,0.81210494,0.79746765,0.7860104,0.682835,0.627648,0.592716,0.81908221,0.82681018,0.83968596,0.7975447,0.8215447,0.99144995,0.9339436,0.9371495,0.9555443,0.9389116,0.96569073,0.9243437,0.8660573,0.9559072,1,0.97149515,0.9516419,0.9379054,0.9375934,0.8244935,0.76591784,0.7901666,0.8566367,0.74957764,0.859622,0.8493329,0.8182454,0.8607615,0.8986509,0.751277,0.742752,0.8599856,0.7815305,0.7815305,0.7815305,0.81017065,0.8280902,0.8180557,0.8808849,0.7805375
Giraffe_D,D_11,0.79274833,0.8605473,0.8881553,0.8255308,0.848819,0.8604108,0.7982755,0.87397037,0.8616733,0.82681018,0.72094046,0.8126677,0.701492,0.702054,0.794585,0.7170002,0.7341144,0.7054002,0.62577215,0.727638,0.7933251,0.80668224,0.74997037,0.7376733,0.65047863,0.84494046,0.8385748,0.76438613,0.81854606,0.8095518,0.79929346,0.6837914,0.7062799,0.6828552,0.754002,0.657215,0.740635,0.7089294,0.6651303,0.9885887,0.9301902,0.96569073,0.97245884,0.9479854,0.989318,0.9118745,0.9171643,0.97432786,0.97149515,1.0000001,0.9933043,0.9853405,0.9339489,0.82219636,0.77381414,0.79845333,0.85432625,0.75721073,0.8912306,0.80760285,0.8679523,0.8988072,0.88418734,0.76372087,0.74306506,0.87482,0.8817874,0.877843,0.86065775,0.8663007,0.89329517,0.848196,0.7527965,0.7763264
Giraffe_D,D_12,0.7800198,0.8525596,0.86547086,0.81880844,0.84298265,0.854221,0.83878493,0.84494046,0.8215447,0.83968596,0.692706,0.79466987,0.709978,0.708263,0.8085103,0.7036383,0.8303846,0.728306,0.7009657,0.692706,0.7303846,0.7211972,0.740635,0.74997037,0.7376733,0.65047863,0.8415119,0.7894183,0.80416113,0.7979878,0.7900624,0.85245896,0.82108403,0.8503646,0.740635,0.858827,0.741144,0.597353,0.702054,0.90120757,0.9590214,0.83605736,0.9619275,0.98143656,0.91310996,0.9104775,0.92815703,0.9732588,0.9516419,0.9933043,1,0.99633133,0.93860936,0.80708325,0.76416194,0.7886579,0.84156764,0.7507808,0.8917761,0.7218715,0.7875883,0.7746239,0.9035082,0.742752,0.72951794,0.864802,0.73606175,0.8884818,0.8792348,0.8836013,0.7763264,0.769359,0.8254007,0.7805747
Giraffe_D,D_13,0.782216,0.8505567,0.8074888,0.8269273,0.85001385,0.861539,0.834412,0.8178693,0.7912456,0.80860204,0.81738526,0.7939149,0.730846,0.602159,0.7265199,0.8840877,0.88250207,0.8546976,0.86511366,0.704366,0.597353,0.80002124,0.7046762,0.72094046,0.6975447,0.61629555,0.8476733,0.76047863,0.80078673,0.79810345,0.79199576,0.7009657,0.70809294,0.7091978,0.7054002,0.8707095,0.754002,0.7945596,0.592716,0.9446533,0.952454,0.9830621,0.9609271,0.9446533,0.952454,0.930621,0.9609271,0.97683114,0.9379054,0.9853405,0.99633133,0.9999999,0.9477538,0.80351144,0.7657772,0.78928494,0.83754194,0.752802,0.89777875,0.82930204,0.7746239,0.7340672,0.742752,0.74306506,0.7516209,0.8644135,0.7711269,0.8996505,0.89581347,0.8997003,0.7605747,0.7415194,0.8152992,0.7805375
Giraffe_D,D_14,0.8795352,0.88686615,0.8618566,0.8123921,0.83677286,0.8522935,0.84217435,0.86737484,0.8530781,0.8682889,0.87273765,0.87960947,0.604649,0.8441951,0.7956958,0.65438613,0.7046762,0.72094046,0.6975447,0.701492,0.702054,0.794585,0.7170002,0.7341144,0.7054002,0.62577215,0.65047863,0.84251835,0.8819617,0.88223827,0.8664975,0.6596258,0.6657303,0.7111715,0.7856487,0.7111715,0.7211972,0.682835,0.6837914,0.9535426,0.9076029,0.91291714,0.9343327,0.9535426,0.9076029,0.91291714,0.9343327,0.9523772,0.9275934,0.9339489,0.93860936,0.9477538,1.0000004,0.8761405,0.8473379,0.8684171,0.88524514,0.806816,0.9532504,0.7849047,0.8986509,0.8988072,0.751277,0.72951794,0.92881304,0.742752,0.7815305,0.73606175,0.71430926,0.81788024,0.7805375,0.8011516,0.7064676,0.9276992
Giraffe_E,E_1,0.920735,0.9067571,0.94049746,0.7901561,0.8166254,0.83143413,0.8290584,0.93748426,0.9473757,0.9338044,0.95046806,0.94128716,0.697343,0.8453076,0.801904,0.782825,0.727638,0.692706,0.704366,0.709978,0.708263,0.8085103,0.7036383,0.8303846,0.728306,0.7009657,0.61629555,0.76053023,0.95650965,0.95025265,0.92626953,0.6861893,0.69126476,0.8121874,0.8035538,0.8121874,0.8204828,0.627648,0.7062799,0.87397037,0.782825,0.8172311,0.8329871,0.76047863,0.86707095,0.864635,0.87397037,0.77923037,0.8280845,0.82219636,0.80708325,0.80351144,0.8761405,1,0.9622109,0.97510636,0.9409098,0.91624904,0.88827515,0.7667577,0.76838064,0.7746239,0.7600928,0.7516209,0.77108765,0.91719335,0.8219446,0.7711269,0.7505223,0.75346035,0.76491463,0.7763264,0.8079788,0.79915345
Giraffe_E,E_2,0.891938,0.86196053,0.87242866,0.782825,0.8172311,0.8329871,0.76047863,0.86707095,0.87397037,0.8616733,0.77923037,0.8280845,0.808253,0.8028416,0.81359703,0.8172311,0.7933251,0.8033223,0.85245896,0.730846,0.602159,0.7265199,0.8840877,0.88250207,0.8546976,0.86511366,0.62577215,0.95200384,0.8994552,0.9194766,0.91088253,0.88028155,0.85550575,0.8429851,0.7341144,0.8286762,0.682044,0.592716,0.6828552,0.84494046,0.727638,0.7933251,0.80668224,0.74997037,0.7376733,0.65047863,0.84494046,0.8385748,0.76438613,0.77381414,0.76416194,0.7657772,0.8473379,0.9622109,1,0.98833704,0.905183,0.9543445,0.8615447,0.73576015,0.7371861,0.8986509,0.7427732,0.8076023,0.75652283,0.85819006,0.8025273,0.7815305,0.74074244,0.74180955,0.75253934,0.7605747,0.8576625,0.76888967
Giraffe_E,E_3,0.90454817,0.9143745,0.90110433,0.727638,0.7933251,0.80668224,0.74997037,0.7376733,0.84494046,0.8215447,0.8385748,0.76438613,0.7894183,0.76047863,0.74997037,0.8329871,0.80668224,0.81925834,0.79028774,0.604649,0.8441951,0.7956958,0.65438613,0.7046762,0.72094046,0.6975447,0.8613941,0.8598077,0.92727965,0.9383244,0.9263058,0.8410002,0.8566977,0.8497541,0.8535337,0.8410002,0.782825,0.81908221,0.754002,0.65047863,0.692706,0.7303846,0.7211972,0.740635,0.74997037,0.7376733,0.65047863,0.8415119,0.7894183,0.79845333,0.7886579,0.78928494,0.8684171,0.97510636,0.98833704,1.0000002,0.9289846,0.9417536,0.88340557,0.763086,0.76296955,0.809868,0.7658075,0.8333838,0.7780967,0.88744867,0.82266647,0.823882,0.7561543,0.7564043,0.77022934,0.7805375,0.836328,0.7953882
Giraffe_E,E_4,0.89228606,0.7622549,0.93836397,0.692706,0.7303846,0.7211972,0.740635,0.74997037,0.7046762,0.72094046,0.8415119,0.7894183,0.88827,0.86707095,0.7376733,0.88827,0.8881553,0.86547086,0.8555119,0.697343,0.8453076,0.801904,0.782825,0.727638,0.692706,0.704366,0.8616733,0.8681018,0.92494786,0.9182232,0.9063289,0.8581144,0.87881027,0.6828552,0.86783014,0.8566977,0.8172311,0.68796236,0.7134931,0.61629555,0.704366,0.597353,0.80002124,0.7046762,0.72094046,0.6975447,0.61629555,0.8476733,0.76047863,0.85432625,0.84156764,0.83754194,0.88524514,0.9409098,0.905183,0.9289846,0.9999999,0.85898304,0.8096195,0.8030841,0.8009587,0.8460078,0.8009755,0.8684005,0.8134797,0.742752,0.8674523,0.86318636,0.78839827,0.7842262,0.79944664,0.7492627,0.819264,0.83244205
Giraffe_E,E_5,0.84920216,0.7691185,0.8240007,0.704366,0.597353,0.80002124,0.7046762,0.72094046,0.7170002,0.7341144,0.8476733,0.76047863,0.8881553,0.864635,0.65047863,0.86707095,0.864635,0.87397037,0.8616733,0.808253,0.8028416,0.81359703,0.8172311,0.7933251,0.8033223,0.85245896,0.770002,0.74383014,0.8456056,0.87434137,0.86726546,0.8294002,0.84787355,0.8503646,0.8881553,0.86511366,0.7036383,0.6596258,0.6861893,0.62577215,0.701492,0.702054,0.794585,0.7170002,0.7341144,0.7054002,0.62577215,0.65047863,0.84251835,0.75721073,0.7507808,0.752802,0.806816,0.91624904,0.9543445,0.9417536,0.85898304,1.0000002,0.8226752,0.73144245,0.73188174,0.76371527,0.7322209,0.78560054,0.74330604,0.8087943,0.77520144,0.7732966,0.7251361,0.73084676,0.7361399,0.760096,0.8201023,0.7640697
Giraffe_F,F_1,0.88845015,0.7895212,0.8977883,0.701492,0.702054,0.794585,0.7170002,0.7341144,0.7036383,0.8303846,0.65047863,0.84251835,0.86547086,0.87397037,0.84494046,0.7376733,0.65047863,0.84494046,0.8215447,0.7894183,0.76047863,0.74997037,0.8329871,0.80668224,0.81925834,0.79028774,0.741144,0.7473639,0.89586765,0.894749,0.8802231,0.8280845,0.81210494,0.79746765,0.727638,0.7933251,0.80668224,0.6657303,0.69126476,0.742752,0.9416917,0.708263,0.8085103,0.782825,0.782825,0.8172311,0.8329871,0.76047863,0.86707095,0.864635,0.87397037,0.77923037,0.8280845,0.88827515,0.8615447,0.88340557,0.9096195,0.8226752,1.0000001,0.90779936,0.9052475,0.9472591,0.91589546,0.96181905,0.9247646,0.95835173,0.9799303,0.9710923,0.9152509,0.9092527,0.9177942,0.92088985,0.9743561,0.9271211
Giraffe_F,F_2,0.7660367,0.7864812,0.77817833,0.709978,0.708263,0.8085103,0.7036383,0.8303846,0.8840877,0.7572691,0.80144227,0.701492,0.76208055,0.8072517,0.704366,0.597353,0.80002124,0.7046762,0.72094046,0.88827,0.86707095,0.7376733,0.88827,0.8881553,0.86547086,0.8555119,0.81908221,0.740635,0.7820566,0.78324926,0.7716172,0.76438613,0.81854606,0.8095518,0.692706,0.8033223,0.81925834,0.7111715,0.8121874,0.74306506,0.94566154,0.602159,0.7265199,0.727638,0.727638,0.7933251,0.80668224,0.74997037,0.7376733,0.782825,0.8172311,0.8329871,0.76047863,0.86707095,0.864635,0.87397037,0.77923037,0.8280845,0.90779936,1.0000002,0.9899059,0.9838403,0.9774562,0.9677346,0.96991634,0.9653536,0.91326094,0.93056136,0.94098496,0.9424301,0.95068145,0.96640193,0.904533,0.9805945
Giraffe_F,F_3,0.762635,0.83302176,0.7710598,0.730846,0.602159,0.7265199,0.8840877,0.88250207,0.65438613,0.7046762,0.62577215,0.95200384,0.7572691,0.80144227,0.701492,0.702054,0.794585,0.7170002,0.7341144,0.8881553,0.864635,0.65047863,0.86707095,0.864635,0.87397037,0.8616733,0.82681018,0.72094046,0.7787304,0.7808155,0.7720909,0.7894183,0.80416113,0.7979878,0.704366,0.85245896,0.79028774,0.7856487,0.8035538,0.72951794,0.9571017,0.8441951,0.7956958,0.692706,0.692706,0.7303846,0.7211972,0.740635,0.74997037,0.727638,0.7933251,0.80668224,0.74997037,0.7376733,0.65047863,0.84494046,0.8385748,0.76438613,0.9052475,0.9899059,0.9999998,0.98102826,0.97817147,0.96159184,0.9741963,0.9554665,0.9098613,0.92656726,0.9456745,0.9485451,0.96355414,0.97419715,0.95888,0.9791333
Giraffe_F,F_4,0.81198686,0.88287413,0.82978106,0.604649,0.8441951,0.7956958,0.65438613,0.7046762,0.782825,0.727638,0.8613941,0.8598077,0.80978554,0.85459554,0.709978,0.708263,0.8085103,0.7036383,0.8303846,0.86547086,0.87397037,0.84494046,0.7376733,0.65047863,0.84494046,0.8215447,0.83968596,0.692706,0.82606107,0.827119,0.6596258,0.6861893,0.701492,0.702054,0.794585,0.770002,0.741144,0.8215447,0.754002,0.7516209,0.9626611,0.8453076,0.801904,0.704366,0.704366,0.597353,0.80002124,0.7046762,0.72094046,0.692706,0.7303846,0.7211972,0.740635,0.74997037,0.7376733,0.65047863,0.8415119,0.7894183,0.9472591,0.9838403,0.98102826,1,0.9815762,0.99207497,0.980078,0.9112433,0.9484929,0.9583063,0.9483682,0.9487528,0.95556766,0.96839255,0.9438678,0.9877375
Giraffe_F,F_5,0.7680141,0.84279466,0.7671551,0.697343,0.8453076,0.801904,0.782825,0.727638,0.8172311,0.7933251,0.8616733,0.8681018,0.75617164,0.80251396,0.730846,0.602159,0.7265199,0.8840877,0.88250207,0.8546976,0.86511366,0.62577215,0.95200384,0.7468262,0.7175972,0.7045955,0.76745033,0.78273726,0.77003896,0.77964497,0.6657303,0.69126476,0.709978,0.708263,0.7875883,0.9383244,0.9263058,0.8410002,0.8566977,0.80248916,0.9771449,0.8028416,0.81359703,0.701492,0.701492,0.702054,0.794585,0.7170002,0.7341144,0.704366,0.597353,0.80002124,0.7046762,0.72094046,0.6975447,0.61629555,0.8476733,0.76047863,0.91589546,0.9774562,0.97817147,0.9815762,1,0.97652376,0.98818976,0.9535093,0.92382544,0.94677484,0.9626093,0.9559311,0.9637179,0.97590667,0.9301395,0.9770916
Giraffe_F,F_6,0.8368522,0.9058271,0.8549323,0.808253,0.8028416,0.81359703,0.8172311,0.7933251,0.8033223,0.85245896,0.770002,0.74383014,0.8372884,0.87625027,0.604649,0.8441951,0.7956958,0.65438613,0.7046762,0.72094046,0.6975447,0.8613941,0.8598077,0.81727237,0.7767171,0.7651781,0.83181006,0.839058,0.8473547,0.84939075,0.7111715,0.8121874,0.730846,0.602159,0.7797001,0.9182232,0.9063289,0.8581144,0.87881027,0.8467021,0.98707616,0.76047863,0.74997037,0.709978,0.709978,0.708263,0.8085103,0.7036383,0.8303846,0.701492,0.702054,0.794585,0.7170002,0.7341144,0.7054002,0.62577215,0.65047863,0.84251835,0.96181905,0.9677346,0.96159184,0.99207497,0.97652376,1.0000002,0.9782188,0.9317311,0.9591423,0.9661035,0.9481238,0.940827,0.9503619,0.9632981,0.95803744,0.9796562
Giraffe_F,F_7,0.7780284,0.84998435,0.77889174,0.7894183,0.76047863,0.74997037,0.8329871,0.80668224,0.81925834,0.7211972,0.740635,0.74997037,0.7376733,0.65047863,0.8415119,0.8453076,0.801904,0.782825,0.727638,0.692706,0.704366,0.8616733,0.8681018,0.7542569,0.72486925,0.7120333,0.7788586,0.79529697,0.7803816,0.78930265,0.7856487,0.8035538,0.7875883,0.89427626,0.79907715,0.87434137,0.86726546,0.8294002,0.84787355,0.72089624,0.92957926,0.89427626,0.84955275,0.7875883,0.742752,0.7416917,0.7265199,0.8840877,0.88250207,0.709978,0.708263,0.8085103,0.7036383,0.8303846,0.728306,0.7009657,0.61629555,0.76053023,0.9247646,0.96991634,0.9741963,0.980078,0.98818976,0.9782188,1,0.9637013,0.9295233,0.9548047,0.9708924,0.9627055,0.9745228,0.9784383,0.969033,0.9724969
Giraffe_F,F_8,0.896114,0.9311992,0.9323,0.88827,0.86707095,0.7376733,0.88827,0.8881553,0.86547086,0.8555119,0.81908221,0.740635,0.9219383,0.9282557,0.808253,0.8028416,0.81359703,0.8172311,0.7933251,0.8033223,0.85245896,0.770002,0.74383014,0.8929201,0.82370263,0.82099324,0.8764185,0.8604878,0.9271474,0.9129642,0.8215447,0.754002,0.7797001,0.849825,0.7801091,0.894749,0.8802231,0.8280845,0.81210494,0.7726544,0.8247675,0.849825,0.78669095,0.7726544,0.74306506,0.74566154,0.7956958,0.65438613,0.7046762,0.730846,0.602159,0.7265199,0.8840877,0.88250207,0.8546976,0.86511366,0.62577215,0.95200384,0.95835173,0.9653536,0.9554665,0.91124433,0.9535093,0.9317311,0.9637013,1,0.922963,0.9117141,0.9377175,0.93825445,0.9443693,0.95365283,0.9882244,0.9379361
Giraffe_F,F_9,0.82859373,0.9043331,0.84844685,0.8881553,0.864635,0.65047863,0.86707095,0.864635,0.87397037,0.8616733,0.82681018,0.72094046,0.8372967,0.8572374,0.7894183,0.76047863,0.74997037,0.8329871,0.80668224,0.81925834,0.79028774,0.741144,0.7473639,0.80231154,0.7695241,0.7579625,0.8284462,0.84499204,0.82983565,0.8326527,0.8410002,0.8566977,0.79907715,0.868844,0.7987796,0.78324926,0.7716172,0.76438613,0.81854606,0.8215447,0.79907715,0.868844,0.8090951,0.8182454,0.72951794,0.7571017,0.801904,0.782825,0.727638,0.604649,0.8441951,0.7956958,0.65438613,0.7046762,0.72094046,0.6975447,0.8613941,0.8598077,0.9799303,0.91326094,0.9098613,0.9484929,0.92382544,0.9591423,0.9295233,0.922963,1,0.9755366,0.9221098,0.9103862,0.92243075,0.92513394,0.95052433,0.9296652
Giraffe_F,F_10,0.83079356,0.89914924,0.8336099,0.86547086,0.87397037,0.84494046,0.7376733,0.65047863,0.84494046,0.8215447,0.7875883,0.89427626,0.84955275,0.7875883,0.742752,0.740635,0.9219383,0.9282557,0.8881553,0.86547086,0.8555119,0.81908221,0.740635,0.80561507,0.77973145,0.76578045,0.8312879,0.84042716,0.8272761,0.8329488,0.8581144,0.87881027,0.7801091,0.830452,0.8383205,0.7808155,0.7720909,0.7894183,0.80416113,0.88600796,0.7801091,0.830452,0.7678296,0.85380805,0.7516209,0.7626611,0.81359703,0.8172311,0.7933251,0.697343,0.8453076,0.801904,0.782825,0.727638,0.692706,0.704366,0.8616733,0.8681018,0.9710923,0.93056136,0.92656726,0.9583063,0.94677484,0.9661035,0.9548047,0.9117141,0.9755366,0.9999998,0.9634695,0.95052207,0.95449126,0.9491771,0.9370445,0.9414591
Giraffe_F,F_11,0.77269435,0.8231516,0.7495096,0.7646958,0.7437107,0.7497525,0.72999203,0.7517758,0.7169086,0.7425968,0.7797001,0.849825,0.78669095,0.7726544,0.74306506,0.72094046,0.8372967,0.8572374,0.864635,0.87397037,0.8616733,0.82681018,0.72094046,0.7423447,0.7240693,0.70987093,0.77271175,0.7888421,0.75869924,0.7687714,0.8294002,0.84787355,0.7987796,0.85455155,0.72773856,0.827119,0.81961703,0.76047863,0.80078673,0.7878565,0.7987796,0.85455155,0.7896594,0.88004225,0.80248916,0.771449,0.74997037,0.8329871,0.80668224,0.808253,0.8028416,0.81359703,0.8172311,0.7933251,0.8033223,0.85245896,0.770002,0.74383014,0.9152509,0.94098496,0.9456745,0.9483682,0.9626093,0.9481238,0.9708924,0.9347175,0.9221098,0.96364695,1.0000002,0.98584527,0.9791877,0.9663525,0.928644,0.9399774
Giraffe_F,F_12,0.7726544,0.8182454,0.751277,0.76372087,0.742752,0.74306506,0.72951794,0.7516209,0.72081375,0.743522,0.79907715,0.868844,0.8090951,0.8182454,0.72951794,0.89427626,0.84955275,0.7875883,0.65047863,0.84494046,0.8215447,0.83968596,0.692706,0.7442455,0.72688746,0.7110727,0.76856846,0.7773603,0.76068735,0.7702743,0.8280845,0.81210494,0.8383205,0.89148575,0.93499863,0.740635,0.7054002,0.8473547,0.84939075,0.79227006,0.8383205,0.89148575,0.83459765,0.751277,0.8467021,0.78707616,0.7376733,0.88827,0.8881553,0.7894183,0.76047863,0.74997037,0.8329871,0.80668224,0.81925834,0.79028774,0.741144,0.7473639,0.9092527,0.9424301,0.9485451,0.9487528,0.9559311,0.94710827,0.9627055,0.9385445,0.9103862,0.95052207,0.9884527,0.9999999,0.9777626,0.9717876,0.9766289,0.9412724
Giraffe_F,F_13,0.7717055,0.82897294,0.7619182,0.77829707,0.75373113,0.7581389,0.7423528,0.7639115,0.73212075,0.7527498,0.7801091,0.830452,0.7678296,0.85380805,0.7516209,0.849825,0.78669095,0.7726544,0.7895317,0.7778572,0.74239945,0.7379727,0.7485067,0.74779296,0.72115445,0.7063469,0.77308905,0.78991014,0.7711269,0.7815305,0.76438613,0.92727965,0.9383244,0.9263058,0.71037465,0.72094046,0.62577215,0.7803816,0.78930265,0.7953726,0.72773856,0.7815845,0.71037465,0.80587137,0.72089624,0.72957926,0.65047863,0.86707095,0.864635,0.88827,0.86707095,0.7376733,0.88827,0.8881553,0.86547086,0.8555119,0.81908221,0.740635,0.9177942,0.95068145,0.96355414,0.95556766,0.9637179,0.9503619,0.9745228,0.9443693,0.92243075,0.95449126,0.9791877,0.9777626,1.0000002,0.9868318,0.9130724,0.9482347
Giraffe_F,F_14,0.77466834,0.8456209,0.777646,0.79122674,0.769948,0.7211972,0.740635,0.74997037,0.7376733,0.65047863,0.8415119,0.85455155,0.7896594,0.88004225,0.80248916,0.868844,0.8090951,0.8182454,0.79462886,0.78927654,0.743976,0.7364453,0.7559962,0.7513417,0.7191362,0.70514274,0.77488935,0.7908846,0.7805711,0.7902186,0.78752923,0.92494786,0.9182232,0.9063289,0.7720909,0.692706,0.95200384,0.82606107,0.827119,0.81156206,0.93499863,0.7293916,0.837631,0.7271263,0.7726544,0.7247675,0.84494046,0.7376733,0.65047863,0.8881553,0.864635,0.65047863,0.86707095,0.864635,0.87397037,0.8616733,0.82681018,0.72094046,0.92088985,0.96640193,0.97419715,0.96839255,0.97590667,0.9632981,0.9784383,0.9535283,0.92513394,0.9491771,0.9663525,0.9717876,0.9868318,0.9999999,0.9337945,0.9670584
Giraffe_F,F_15,0.89268744,0.7347188,0.7250716,0.726067,0.7185815,0.81065276,0.81503966,0.72734057,0.8127618,0.72997617,0.7383205,0.79148575,0.83459765,0.751277,0.8467021,0.830452,0.7678296,0.85380805,0.7306817,0.7357208,0.864684,0.84826183,0.90257204,0.8840428,0.82475686,0.8191941,0.8789929,0.8706494,0.9194516,0.9107374,0.8913629,0.8456056,0.87434137,0.86726546,0.6596258,0.7860104,0.682835,0.77003896,0.77964497,0.75054996,0.7412216,0.76075535,0.776024,0.7069153,0.86253566,0.72650914,0.735111,0.8067678,0.808849,0.847086,0.7397037,0.84494046,0.7376733,0.65047863,0.84494046,0.8215447,0.83968596,0.692706,0.9743561,0.90403533,0.895888,0.9438678,0.89301395,0.95803744,0.969033,0.9682244,0.95052433,0.9370445,0.9728644,0.9266289,0.9130724,0.89337945,1.0000001,0.9287224
Giraffe_F,F_16,0.7946874,0.8685622,0.8124103,0.82154644,0.8032272,0.80346346,0.7928158,0.81623197,0.7860457,0.8099935,0.72773856,0.7815845,0.71037465,0.80587137,0.72089624,0.92957926,0.8314382,0.8113592,0.82116395,0.8221113,0.76942897,0.7601573,0.78839946,0.7852318,0.7450281,0.7331597,0.79816604,0.8078188,0.80995184,0.8135084,0.80341387,0.89586765,0.894749,0.8802231,0.6657303,0.79929346,0.6837914,0.7808155,0.7787304,0.84737706,0.8069382,0.83305943,0.870114,0.7634176,0.7244467,0.7805823,0.7499863,0.7293916,0.837631,0.9271263,0.7726544,0.8247675,0.9276992,0.79915345,0.76888967,0.7953882,0.83244205,0.7640697,0.9271211,0.98905945,0.9791333,0.9877375,0.9770916,0.9796562,0.9724969,0.9379361,0.9296652,0.9414591,0.9399774,0.9412724,0.9482347,0.9670584,0.9287224,0.9999994