cluster_name,,A_1,A_2,A_3,A_4,A_5,B_1,B_2,B_3,B_4,B_5,B_6,B_7,C_1,C_10,C_2,C_3,C_4,C_5,C_6,C_7,C_8,C_9,D_1,D_2,D_3,D_4,D_5,D_6
Camel_A,A_1,1,0.9886095,0.99510455,0.9860373,0.97814447,0.8428522,0.828615,0.8268529,0.7433837,0.772082,0.78228895,0.73533826,0.7660367,0.762635,0.81198686,0.7680141,0.8368522,0.7780284,0.896114,0.82859373,0.83079356,0.743522,0.7527498,0.7726544,0.7717055,0.77466834,0.89268744,0.7946874
Camel_A,A_2,0.9886095,1,0.98514587,0.97780573,0.9531265,0.8241075,0.8126936,0.8332936,0.836313,0.8492893,0.90041023,0.9071053,0.7864812,0.83302176,0.88287413,0.84279466,0.9058271,0.84998435,0.9311992,0.9043331,0.89914924,0.79907715,0.7801091,0.8182454,0.82897294,0.8456209,0.7347188,0.8685622
Camel_A,A_3,0.99510455,0.98514587,1,0.99101937,0.98338556,0.8288973,0.8290445,0.8825835,0.90003407,0.8579973,0.86119825,0.899848,0.77817833,0.7710598,0.82978106,0.7671551,0.8549323,0.77889174,0.9323,0.84844685,0.8336099,0.868844,0.830452,0.751277,0.7619182,0.777646,0.7250716,0.8124103
Camel_A,A_4,0.9860373,0.97780573,0.99101937,1,0.98378927,0.80160865,0.843132,0.8211676,0.8330976,0.808635,0.8184753,0.7973497,0.709978,0.730846,0.604649,0.697343,0.808253,0.7894183,0.88827,0.8881553,0.86547086,0.84431925,0.7646958,0.76372087,0.77829707,0.79122674,0.726067,0.82154644
Camel_A,A_5,0.97814447,0.9531265,0.98338556,0.98378927,0.9999998,0.7294423,0.72382516,0.77624583,0.81553626,0.7484051,0.7516316,0.80724525,0.708263,0.602159,0.8441951,0.8453076,0.8028416,0.76047863,0.86707095,0.864635,0.87397037,0.8141966,0.7437107,0.742752,0.75373113,0.769948,0.7185815,0.8032272
Camel_B,B_1,0.782216,0.8505567,0.8074888,0.8189695,0.80988735,0.9999999,0.9953746,0.9566711,0.94794655,0.9599986,0.9403236,0.9574112,0.8085103,0.7265199,0.7956958,0.801904,0.81359703,0.74997037,0.7376733,0.65047863,0.84494046,0.89331466,0.7497525,0.74306506,0.7581389,0.7211972,0.81065276,0.80346346
Camel_B,B_2,0.8795352,0.88686615,0.8618566,0.8763232,0.8632257,0.9953746,1.0000002,0.9626087,0.9518397,0.9641959,0.945407,0.9408443,0.7036383,0.8840877,0.65438613,0.782825,0.8172311,0.8329871,0.88827,0.86707095,0.7376733,0.8903114,0.72999203,0.72951794,0.7423528,0.740635,0.81503966,0.7928158
Camel_B,B_3,0.79857594,0.7982588,0.79857594,0.7982588,0.8129348,0.9566711,0.9626087,0.99999994,0.9901573,0.9849873,0.97696066,0.95891523,0.8303846,0.88250207,0.7046762,0.727638,0.7933251,0.80668224,0.8881553,0.864635,0.65047863,0.92093986,0.7517758,0.7516209,0.7639115,0.74997037,0.72734057,0.81623197
Camel_B,B_4,0.891938,0.86196053,0.8242866,0.813525,0.85555553,0.94794655,0.9518397,0.9901573,1,0.9793581,0.98033154,0.9693478,0.8140877,0.65438613,0.782825,0.8172311,0.8033223,0.81925834,0.86547086,0.87397037,0.84494046,0.9320929,0.7169086,0.72081375,0.73212075,0.7376733,0.8127618,0.7860457
Camel_B,B_5,0.73212075,0.7476078,0.743976,0.9129348,0.88524246,0.9599986,0.9641959,0.9849873,0.9793581,0.9999997,0.98532254,0.9404302,0.7572691,0.7046762,0.727638,0.7933251,0.85245896,0.7211972,0.8555119,0.8616733,0.8215447,0.82212045,0.7425968,0.743522,0.7527498,0.65047863,0.72997617,0.8099935
Camel_B,B_6,0.7527498,0.7696302,0.7364453,0.7910107,0.7751158,0.9403236,0.945407,0.97696066,0.98033154,0.98532254,0.9999999,0.9665727,0.80144227,0.62577215,0.8613941,0.8616733,0.770002,0.740635,0.81908221,0.82681018,0.7875883,0.92334604,0.7797001,0.79907715,0.7801091,0.8415119,0.7383205,0.72773856
Camel_B,B_7,0.7664596,0.7809167,0.7559962,0.84029615,0.7981506,0.9474112,0.9408443,0.95891523,0.9693478,0.9404302,0.9665727,1.0000004,0.701492,0.95200384,0.8598077,0.8681018,0.74383014,0.74997037,0.740635,0.72094046,0.89427626,0.92202294,0.849825,0.868844,0.830452,0.85455155,0.79148575,0.7815845
Camel_C,C_1,0.76232046,0.76795954,0.7423528,0.79907715,0.7801091,0.81938,0.80454817,0.8228606,0.84920216,0.845015,0.7660367,0.8272257,1.0000004,0.9512884,0.9474042,0.94792994,0.9475763,0.9710474,0.9514826,0.9411436,0.942508,0.9480645,0.78669095,0.8090951,0.7678296,0.7896594,0.83459765,0.71037465
Camel_C,C_10,0.7660367,0.8383457,0.77817833,0.78708935,0.7696575,0.8616053,0.84143745,0.7622549,0.7691185,0.7895212,0.7864812,0.836177,0.9412884,1,0.9637697,0.9618676,0.9489523,0.9517269,0.94754034,0.9651308,0.9651445,0.9515698,0.7726544,0.8182454,0.85380805,0.88004225,0.751277,0.80587137
Camel_C,C_2,0.762635,0.8286854,0.7710598,0.78045434,0.7638509,0.8724866,0.80110433,0.8336397,0.8240007,0.8977883,0.77817833,0.8333766,0.9574042,0.9637697,1.0000002,0.9888871,0.97836024,0.96493554,0.98244536,0.9899876,0.9747741,0.97877663,0.74306506,0.72951794,0.7516209,0.80248916,0.8467021,0.72089624
Camel_C,C_3,0.81198686,0.88287413,0.82978106,0.83770895,0.81973296,0.782825,0.727638,0.692706,0.704366,0.701492,0.709978,0.8426923,0.9492994,0.9618676,0.9888871,0.9999999,0.9678146,0.96761024,0.9754778,0.98160607,0.956569,0.9751668,0.72094046,0.89427626,0.849825,0.868844,0.830452,0.82957926
Camel_C,C_4,0.7680141,0.84279466,0.7671551,0.7802642,0.7608458,0.8172311,0.7933251,0.7303846,0.597353,0.702054,0.708263,0.8013869,0.975763,0.9489523,0.97836024,0.9678146,1,0.9886095,0.99510455,0.9860373,0.97814447,0.9753301,0.8372967,0.84955275,0.78669095,0.8090951,0.7678296,0.8314382
Camel_C,C_5,0.8368522,0.9058271,0.8549323,0.86352146,0.84504026,0.8329871,0.80668224,0.7211972,0.80002124,0.794585,0.8085103,0.81256285,0.9710474,0.9517269,0.96493554,0.96761024,0.9886095,1,0.98514587,0.97780573,0.9531265,0.96658313,0.8572374,0.7875883,0.7726544,0.8182454,0.85380805,0.8113592
Camel_C,C_6,0.7780284,0.84998435,0.77889174,0.7959631,0.76974154,0.76047863,0.74997037,0.740635,0.7046762,0.7170002,0.7036383,0.8266032,0.9514826,0.94754034,0.98244536,0.9754778,0.99510455,0.98514587,1,0.99101937,0.98338556,0.98044515,0.864635,0.65047863,0.7895317,0.79462886,0.7306817,0.82116395
Camel_C,C_7,0.896114,0.73606175,0.7711269,0.7815305,0.73606175,0.86707095,0.7376733,0.74997037,0.72094046,0.7341144,0.8303846,0.89290243,0.941436,0.9651308,0.9899876,0.98160607,0.9860373,0.97780573,0.99101937,1,0.98378927,0.9873713,0.87397037,0.84494046,0.7778572,0.78927654,0.7357208,0.8221113
Camel_C,C_8,0.82859373,0.9043331,0.84844685,0.86312926,0.8363236,0.87397037,0.84494046,0.7046762,0.7170002,0.7036383,0.8840877,0.9102192,0.942508,0.92651445,0.9747741,0.956569,0.97814447,0.9531265,0.98338556,0.98378927,0.9999998,0.9798263,0.7951321,0.79518515,0.79750526,0.78690815,0.9295338,0.7980115
Camel_C,C_9,0.83079356,0.89914924,0.8336099,0.8451295,0.82833755,0.8616733,0.8215447,0.72094046,0.7341144,0.8303846,0.7572691,0.92202294,0.9480645,0.9515698,0.97877663,0.9751668,0.9753301,0.96658313,0.98044515,0.9873713,0.9798263,0.9999998,0.8443912,0.8455833,0.8497979,0.8326468,0.93117607,0.8466848
Camel_D,D_1,0.77269435,0.8231516,0.7495096,0.7646958,0.7437107,0.77923037,0.8385748,0.8415119,0.8476733,0.65047863,0.80144227,0.83427286,0.762635,0.81198686,0.7680141,0.8368522,0.7780284,0.896114,0.82859373,0.83079356,0.77269435,0.7726544,1.0000004,0.9012884,0.9174042,0.92792994,0.9075763,0.89710474
Camel_D,D_2,0.7726544,0.8182454,0.751277,0.76372087,0.742752,0.8280845,0.76438613,0.7894183,0.76047863,0.84251835,0.701492,0.8340133,0.83302176,0.88287413,0.84279466,0.9058271,0.84998435,0.8311992,0.8043331,0.89914924,0.8231516,0.8182454,0.9012884,1,0.9637697,0.9618676,0.9489523,0.9517269
Camel_D,D_3,0.7717055,0.82897294,0.7619182,0.77829707,0.75373113,0.808253,0.7894183,0.88827,0.8881553,0.86547086,0.76208055,0.83927655,0.7710598,0.82978106,0.7671551,0.8549323,0.77889174,0.9323,0.84844685,0.8336099,0.7495096,0.751277,0.9174042,0.9637697,1.0000002,0.9888871,0.97836024,0.96493554
Camel_D,D_4,0.77466834,0.8456209,0.777646,0.79122674,0.769948,0.8028416,0.76047863,0.86707095,0.864635,0.87397037,0.8072517,0.8245124,0.730846,0.604649,0.697343,0.808253,0.7894183,0.88827,0.8881553,0.86547086,0.7646958,0.76372087,0.92792994,0.9618676,0.9888871,0.9999999,0.9678146,0.96761024
Camel_D,D_5,0.89268744,0.7905823,0.7763264,0.7205747,0.7994511,0.81359703,0.74997037,0.7376733,0.65047863,0.84494046,0.704366,0.9598008,0.602159,0.8441951,0.8453076,0.8028416,0.76047863,0.86707095,0.864635,0.87397037,0.7437107,0.742752,0.9075763,0.9489523,0.97836024,0.9678146,1,0.9886095
Camel_D,D_6,0.7946874,0.8685622,0.8124103,0.82154644,0.8032272,0.8172311,0.8329871,0.88827,0.86707095,0.7376733,0.597353,0.83225083,0.7265199,0.7956958,0.801904,0.81359703,0.74997037,0.7376733,0.65047863,0.84494046,0.7497525,0.74306506,0.89710474,0.9517269,0.96493554,0.96761024,0.9886095,1